﻿<?xml version="1.0" encoding="utf-8"?>
<Macro xmlns:xsi="http://www.w3.org/2001/XMLSchema-instance" xmlns:xsd="http://www.w3.org/2001/XMLSchema">
  <Name>phantom800dpi</Name>
  <Guid>c6815a05-6297-41de-88f4-0ea9ffd8ef8b</Guid>
  <MacroEvents>
    <MacroEvent>
      <Type>3</Type>
      <Delay>13</Delay>
      <MouseMovement>
        <MouseMovementEvent>
          <Type>3</Type>
          <X>1564</X>
          <Y>202</Y>
        </MouseMovementEvent>
        <MouseMovementEvent>
          <Type>3</Type>
          <X>1566</X>
          <Y>204</Y>
          <Delay>37</Delay>
        </MouseMovementEvent>
        <MouseMovementEvent>
          <Type>3</Type>
          <X>1568</X>
          <Y>206</Y>
          <Delay>27</Delay>
        </MouseMovementEvent>
        <MouseMovementEvent>
          <Type>3</Type>
          <X>1568</X>
          <Y>208</Y>
          <Delay>21</Delay>
        </MouseMovementEvent>
        <MouseMovementEvent>
          <Type>3</Type>
          <X>1570</X>
          <Y>208</Y>
          <Delay>9</Delay>
        </MouseMovementEvent>
        <MouseMovementEvent>
          <Type>3</Type>
          <X>1570</X>
          <Y>210</Y>
          <Delay>12</Delay>
        </MouseMovementEvent>
        <MouseMovementEvent>
          <Type>3</Type>
          <X>1570</X>
          <Y>212</Y>
          <Delay>10</Delay>
        </MouseMovementEvent>
        <MouseMovementEvent>
          <Type>3</Type>
          <X>1570</X>
          <Y>214</Y>
          <Delay>8</Delay>
        </MouseMovementEvent>
        <MouseMovementEvent>
          <Type>3</Type>
          <X>1570</X>
          <Y>216</Y>
          <Delay>8</Delay>
        </MouseMovementEvent>
        <MouseMovementEvent>
          <Type>3</Type>
          <X>1572</X>
          <Y>216</Y>
          <Delay>6</Delay>
        </MouseMovementEvent>
        <MouseMovementEvent>
          <Type>3</Type>
          <X>1572</X>
          <Y>218</Y>
          <Delay>3</Delay>
        </MouseMovementEvent>
        <MouseMovementEvent>
          <Type>3</Type>
          <X>1572</X>
          <Y>220</Y>
          <Delay>10</Delay>
        </MouseMovementEvent>
        <MouseMovementEvent>
          <Type>3</Type>
          <X>1572</X>
          <Y>222</Y>
          <Delay>9</Delay>
        </MouseMovementEvent>
        <MouseMovementEvent>
          <Type>3</Type>
          <X>1572</X>
          <Y>224</Y>
          <Delay>10</Delay>
        </MouseMovementEvent>
        <MouseMovementEvent>
          <Type>3</Type>
          <X>1574</X>
          <Y>224</Y>
          <Delay>6</Delay>
        </MouseMovementEvent>
        <MouseMovementEvent>
          <Type>3</Type>
          <X>1574</X>
          <Y>226</Y>
          <Delay>3</Delay>
        </MouseMovementEvent>
        <MouseMovementEvent>
          <Type>3</Type>
          <X>1574</X>
          <Y>228</Y>
          <Delay>9</Delay>
        </MouseMovementEvent>
        <MouseMovementEvent>
          <Type>3</Type>
          <X>1574</X>
          <Y>230</Y>
          <Delay>12</Delay>
        </MouseMovementEvent>
        <MouseMovementEvent>
          <Type>3</Type>
          <X>1574</X>
          <Y>232</Y>
          <Delay>16</Delay>
        </MouseMovementEvent>
        <MouseMovementEvent>
          <Type>3</Type>
          <X>1574</X>
          <Y>234</Y>
          <Delay>16</Delay>
        </MouseMovementEvent>
        <MouseMovementEvent>
          <Type>3</Type>
          <X>1574</X>
          <Y>236</Y>
          <Delay>17</Delay>
        </MouseMovementEvent>
        <MouseMovementEvent>
          <Type>3</Type>
          <X>1574</X>
          <Y>238</Y>
          <Delay>14</Delay>
        </MouseMovementEvent>
        <MouseMovementEvent>
          <Type>3</Type>
          <X>1574</X>
          <Y>240</Y>
          <Delay>11</Delay>
        </MouseMovementEvent>
        <MouseMovementEvent>
          <Type>3</Type>
          <X>1574</X>
          <Y>242</Y>
          <Delay>14</Delay>
        </MouseMovementEvent>
        <MouseMovementEvent>
          <Type>3</Type>
          <X>1574</X>
          <Y>244</Y>
          <Delay>13</Delay>
        </MouseMovementEvent>
        <MouseMovementEvent>
          <Type>3</Type>
          <X>1574</X>
          <Y>246</Y>
          <Delay>14</Delay>
        </MouseMovementEvent>
        <MouseMovementEvent>
          <Type>3</Type>
          <X>1574</X>
          <Y>248</Y>
          <Delay>16</Delay>
        </MouseMovementEvent>
        <MouseMovementEvent>
          <Type>3</Type>
          <X>1574</X>
          <Y>250</Y>
          <Delay>13</Delay>
        </MouseMovementEvent>
        <MouseMovementEvent>
          <Type>3</Type>
          <X>1574</X>
          <Y>252</Y>
          <Delay>13</Delay>
        </MouseMovementEvent>
        <MouseMovementEvent>
          <Type>3</Type>
          <X>1572</X>
          <Y>252</Y>
          <Delay>7</Delay>
        </MouseMovementEvent>
        <MouseMovementEvent>
          <Type>3</Type>
          <X>1572</X>
          <Y>254</Y>
          <Delay>2</Delay>
        </MouseMovementEvent>
        <MouseMovementEvent>
          <Type>3</Type>
          <X>1572</X>
          <Y>256</Y>
          <Delay>7</Delay>
        </MouseMovementEvent>
        <MouseMovementEvent>
          <Type>3</Type>
          <X>1572</X>
          <Y>258</Y>
          <Delay>9</Delay>
        </MouseMovementEvent>
        <MouseMovementEvent>
          <Type>3</Type>
          <X>1572</X>
          <Y>260</Y>
          <Delay>10</Delay>
        </MouseMovementEvent>
        <MouseMovementEvent>
          <Type>3</Type>
          <X>1572</X>
          <Y>262</Y>
          <Delay>12</Delay>
        </MouseMovementEvent>
        <MouseMovementEvent>
          <Type>3</Type>
          <X>1570</X>
          <Y>262</Y>
          <Delay>9</Delay>
        </MouseMovementEvent>
        <MouseMovementEvent>
          <Type>3</Type>
          <X>1570</X>
          <Y>264</Y>
          <Delay>2</Delay>
        </MouseMovementEvent>
        <MouseMovementEvent>
          <Type>3</Type>
          <X>1570</X>
          <Y>266</Y>
          <Delay>9</Delay>
        </MouseMovementEvent>
        <MouseMovementEvent>
          <Type>3</Type>
          <X>1570</X>
          <Y>268</Y>
          <Delay>9</Delay>
        </MouseMovementEvent>
        <MouseMovementEvent>
          <Type>3</Type>
          <X>1570</X>
          <Y>270</Y>
          <Delay>8</Delay>
        </MouseMovementEvent>
        <MouseMovementEvent>
          <Type>3</Type>
          <X>1570</X>
          <Y>272</Y>
          <Delay>7</Delay>
        </MouseMovementEvent>
        <MouseMovementEvent>
          <Type>3</Type>
          <X>1570</X>
          <Y>274</Y>
          <Delay>8</Delay>
        </MouseMovementEvent>
        <MouseMovementEvent>
          <Type>3</Type>
          <X>1570</X>
          <Y>276</Y>
          <Delay>10</Delay>
        </MouseMovementEvent>
        <MouseMovementEvent>
          <Type>3</Type>
          <X>1570</X>
          <Y>278</Y>
          <Delay>12</Delay>
        </MouseMovementEvent>
        <MouseMovementEvent>
          <Type>3</Type>
          <X>1570</X>
          <Y>280</Y>
          <Delay>13</Delay>
        </MouseMovementEvent>
        <MouseMovementEvent>
          <Type>3</Type>
          <X>1570</X>
          <Y>282</Y>
          <Delay>10</Delay>
        </MouseMovementEvent>
        <MouseMovementEvent>
          <Type>3</Type>
          <X>1568</X>
          <Y>282</Y>
          <Delay>3</Delay>
        </MouseMovementEvent>
        <MouseMovementEvent>
          <Type>3</Type>
          <X>1568</X>
          <Y>284</Y>
          <Delay>6</Delay>
        </MouseMovementEvent>
        <MouseMovementEvent>
          <Type>3</Type>
          <X>1568</X>
          <Y>286</Y>
          <Delay>9</Delay>
        </MouseMovementEvent>
        <MouseMovementEvent>
          <Type>3</Type>
          <X>1568</X>
          <Y>288</Y>
          <Delay>10</Delay>
        </MouseMovementEvent>
        <MouseMovementEvent>
          <Type>3</Type>
          <X>1568</X>
          <Y>290</Y>
          <Delay>9</Delay>
        </MouseMovementEvent>
        <MouseMovementEvent>
          <Type>3</Type>
          <X>1568</X>
          <Y>292</Y>
          <Delay>12</Delay>
        </MouseMovementEvent>
        <MouseMovementEvent>
          <Type>3</Type>
          <X>1568</X>
          <Y>294</Y>
          <Delay>16</Delay>
        </MouseMovementEvent>
        <MouseMovementEvent>
          <Type>3</Type>
          <X>1568</X>
          <Y>296</Y>
          <Delay>21</Delay>
        </MouseMovementEvent>
        <MouseMovementEvent>
          <Type>3</Type>
          <X>1566</X>
          <Y>296</Y>
          <Delay>2</Delay>
        </MouseMovementEvent>
        <MouseMovementEvent>
          <Type>3</Type>
          <X>1566</X>
          <Y>298</Y>
          <Delay>21</Delay>
        </MouseMovementEvent>
        <MouseMovementEvent>
          <Type>3</Type>
          <X>1566</X>
          <Y>300</Y>
          <Delay>25</Delay>
        </MouseMovementEvent>
        <MouseMovementEvent>
          <Type>3</Type>
          <X>1566</X>
          <Y>302</Y>
          <Delay>16</Delay>
        </MouseMovementEvent>
        <MouseMovementEvent>
          <Type>3</Type>
          <X>1566</X>
          <Y>304</Y>
          <Delay>12</Delay>
        </MouseMovementEvent>
        <MouseMovementEvent>
          <Type>3</Type>
          <X>1566</X>
          <Y>306</Y>
          <Delay>13</Delay>
        </MouseMovementEvent>
        <MouseMovementEvent>
          <Type>3</Type>
          <X>1566</X>
          <Y>308</Y>
          <Delay>13</Delay>
        </MouseMovementEvent>
        <MouseMovementEvent>
          <Type>3</Type>
          <X>1566</X>
          <Y>310</Y>
          <Delay>16</Delay>
        </MouseMovementEvent>
        <MouseMovementEvent>
          <Type>3</Type>
          <X>1566</X>
          <Y>312</Y>
          <Delay>14</Delay>
        </MouseMovementEvent>
        <MouseMovementEvent>
          <Type>3</Type>
          <X>1566</X>
          <Y>314</Y>
          <Delay>13</Delay>
        </MouseMovementEvent>
        <MouseMovementEvent>
          <Type>3</Type>
          <X>1566</X>
          <Y>316</Y>
          <Delay>9</Delay>
        </MouseMovementEvent>
        <MouseMovementEvent>
          <Type>3</Type>
          <X>1566</X>
          <Y>318</Y>
          <Delay>14</Delay>
        </MouseMovementEvent>
        <MouseMovementEvent>
          <Type>3</Type>
          <X>1566</X>
          <Y>320</Y>
          <Delay>11</Delay>
        </MouseMovementEvent>
        <MouseMovementEvent>
          <Type>3</Type>
          <X>1566</X>
          <Y>322</Y>
          <Delay>18</Delay>
        </MouseMovementEvent>
        <MouseMovementEvent>
          <Type>3</Type>
          <X>1566</X>
          <Y>324</Y>
          <Delay>23</Delay>
        </MouseMovementEvent>
        <MouseMovementEvent>
          <Type>3</Type>
          <X>1566</X>
          <Y>326</Y>
          <Delay>24</Delay>
        </MouseMovementEvent>
        <MouseMovementEvent>
          <Type>3</Type>
          <X>1566</X>
          <Y>328</Y>
          <Delay>21</Delay>
        </MouseMovementEvent>
        <MouseMovementEvent>
          <Type>3</Type>
          <X>1566</X>
          <Y>330</Y>
          <Delay>23</Delay>
        </MouseMovementEvent>
        <MouseMovementEvent>
          <Type>3</Type>
          <X>1566</X>
          <Y>332</Y>
          <Delay>36</Delay>
        </MouseMovementEvent>
        <MouseMovementEvent>
          <Type>3</Type>
          <X>1566</X>
          <Y>334</Y>
          <Delay>41</Delay>
        </MouseMovementEvent>
        <MouseMovementEvent>
          <Type>3</Type>
          <X>1568</X>
          <Y>334</Y>
          <Delay>9</Delay>
        </MouseMovementEvent>
        <MouseMovementEvent>
          <Type>3</Type>
          <X>1568</X>
          <Y>336</Y>
          <Delay>16</Delay>
        </MouseMovementEvent>
        <MouseMovementEvent>
          <Type>3</Type>
          <X>1568</X>
          <Y>338</Y>
          <Delay>42</Delay>
        </MouseMovementEvent>
        <MouseMovementEvent>
          <Type>3</Type>
          <X>1568</X>
          <Y>340</Y>
          <Delay>129</Delay>
        </MouseMovementEvent>
        <MouseMovementEvent>
          <Type>3</Type>
          <X>1570</X>
          <Y>340</Y>
          <Delay>116</Delay>
        </MouseMovementEvent>
        <MouseMovementEvent>
          <Type>3</Type>
          <X>1570</X>
          <Y>342</Y>
          <Delay>5</Delay>
        </MouseMovementEvent>
        <MouseMovementEvent>
          <Type>3</Type>
          <X>1572</X>
          <Y>342</Y>
          <Delay>25</Delay>
        </MouseMovementEvent>
        <MouseMovementEvent>
          <Type>3</Type>
          <X>1574</X>
          <Y>342</Y>
          <Delay>20</Delay>
        </MouseMovementEvent>
        <MouseMovementEvent>
          <Type>3</Type>
          <X>1576</X>
          <Y>342</Y>
          <Delay>12</Delay>
        </MouseMovementEvent>
        <MouseMovementEvent>
          <Type>3</Type>
          <X>1578</X>
          <Y>342</Y>
          <Delay>11</Delay>
        </MouseMovementEvent>
        <MouseMovementEvent>
          <Type>3</Type>
          <X>1580</X>
          <Y>342</Y>
          <Delay>17</Delay>
        </MouseMovementEvent>
        <MouseMovementEvent>
          <Type>3</Type>
          <X>1582</X>
          <Y>342</Y>
          <Delay>24</Delay>
        </MouseMovementEvent>
        <MouseMovementEvent>
          <Type>3</Type>
          <X>1584</X>
          <Y>342</Y>
          <Delay>18</Delay>
        </MouseMovementEvent>
        <MouseMovementEvent>
          <Type>3</Type>
          <X>1586</X>
          <Y>342</Y>
          <Delay>27</Delay>
        </MouseMovementEvent>
        <MouseMovementEvent>
          <Type>3</Type>
          <X>1588</X>
          <Y>342</Y>
          <Delay>168</Delay>
        </MouseMovementEvent>
        <MouseMovementEvent>
          <Type>3</Type>
          <X>1588</X>
          <Y>340</Y>
          <Delay>49</Delay>
        </MouseMovementEvent>
        <MouseMovementEvent>
          <Type>3</Type>
          <X>1590</X>
          <Y>340</Y>
          <Delay>5</Delay>
        </MouseMovementEvent>
        <MouseMovementEvent>
          <Type>3</Type>
          <X>1592</X>
          <Y>340</Y>
          <Delay>50</Delay>
        </MouseMovementEvent>
        <MouseMovementEvent>
          <Type>3</Type>
          <X>1592</X>
          <Y>338</Y>
          <Delay>29</Delay>
        </MouseMovementEvent>
        <MouseMovementEvent>
          <Type>3</Type>
          <X>1592</X>
          <Y>336</Y>
          <Delay>201</Delay>
        </MouseMovementEvent>
        <MouseMovementEvent>
          <Type>3</Type>
          <X>1590</X>
          <Y>336</Y>
          <Delay>73</Delay>
        </MouseMovementEvent>
        <MouseMovementEvent>
          <Type>3</Type>
          <X>1588</X>
          <Y>336</Y>
          <Delay>84</Delay>
        </MouseMovementEvent>
        <MouseMovementEvent>
          <Type>3</Type>
          <X>1588</X>
          <Y>334</Y>
          <Delay>38</Delay>
        </MouseMovementEvent>
        <MouseMovementEvent>
          <Type>3</Type>
          <X>1586</X>
          <Y>334</Y>
          <Delay>53</Delay>
        </MouseMovementEvent>
        <MouseMovementEvent>
          <Type>3</Type>
          <X>1586</X>
          <Y>332</Y>
          <Delay>24</Delay>
        </MouseMovementEvent>
        <MouseMovementEvent>
          <Type>3</Type>
          <X>1584</X>
          <Y>332</Y>
          <Delay>2</Delay>
        </MouseMovementEvent>
        <MouseMovementEvent>
          <Type>3</Type>
          <X>1582</X>
          <Y>332</Y>
          <Delay>13</Delay>
        </MouseMovementEvent>
        <MouseMovementEvent>
          <Type>3</Type>
          <X>1582</X>
          <Y>330</Y>
          <Delay>8</Delay>
        </MouseMovementEvent>
        <MouseMovementEvent>
          <Type>3</Type>
          <X>1580</X>
          <Y>330</Y>
          <Delay>3</Delay>
        </MouseMovementEvent>
        <MouseMovementEvent>
          <Type>3</Type>
          <X>1578</X>
          <Y>330</Y>
          <Delay>10</Delay>
        </MouseMovementEvent>
        <MouseMovementEvent>
          <Type>3</Type>
          <X>1576</X>
          <Y>330</Y>
          <Delay>13</Delay>
        </MouseMovementEvent>
        <MouseMovementEvent>
          <Type>3</Type>
          <X>1576</X>
          <Y>328</Y>
          <Delay>12</Delay>
        </MouseMovementEvent>
        <MouseMovementEvent>
          <Type>3</Type>
          <X>1574</X>
          <Y>328</Y>
          <Delay>8</Delay>
        </MouseMovementEvent>
        <MouseMovementEvent>
          <Type>3</Type>
          <X>1572</X>
          <Y>328</Y>
          <Delay>19</Delay>
        </MouseMovementEvent>
        <MouseMovementEvent>
          <Type>3</Type>
          <X>1570</X>
          <Y>328</Y>
          <Delay>25</Delay>
        </MouseMovementEvent>
        <MouseMovementEvent>
          <Type>3</Type>
          <X>1568</X>
          <Y>328</Y>
          <Delay>24</Delay>
        </MouseMovementEvent>
        <MouseMovementEvent>
          <Type>3</Type>
          <X>1566</X>
          <Y>328</Y>
          <Delay>50</Delay>
        </MouseMovementEvent>
        <MouseMovementEvent>
          <Type>3</Type>
          <X>1566</X>
          <Y>326</Y>
          <Delay>5</Delay>
        </MouseMovementEvent>
        <MouseMovementEvent>
          <Type>3</Type>
          <X>1564</X>
          <Y>326</Y>
          <Delay>2</Delay>
        </MouseMovementEvent>
        <MouseMovementEvent>
          <Type>3</Type>
          <X>1562</X>
          <Y>326</Y>
          <Delay>5</Delay>
        </MouseMovementEvent>
        <MouseMovementEvent>
          <Type>3</Type>
          <X>1560</X>
          <Y>326</Y>
          <Delay>3</Delay>
        </MouseMovementEvent>
        <MouseMovementEvent>
          <Type>3</Type>
          <X>1558</X>
          <Y>326</Y>
          <Delay>4</Delay>
        </MouseMovementEvent>
        <MouseMovementEvent>
          <Type>3</Type>
          <X>1556</X>
          <Y>324</Y>
          <Delay>2</Delay>
        </MouseMovementEvent>
        <MouseMovementEvent>
          <Type>3</Type>
          <X>1554</X>
          <Y>324</Y>
          <Delay>3</Delay>
        </MouseMovementEvent>
        <MouseMovementEvent>
          <Type>3</Type>
          <X>1552</X>
          <Y>324</Y>
          <Delay>3</Delay>
        </MouseMovementEvent>
        <MouseMovementEvent>
          <Type>3</Type>
          <X>1550</X>
          <Y>322</Y>
          <Delay>2</Delay>
        </MouseMovementEvent>
        <MouseMovementEvent>
          <Type>3</Type>
          <X>1548</X>
          <Y>322</Y>
          <Delay>3</Delay>
        </MouseMovementEvent>
        <MouseMovementEvent>
          <Type>3</Type>
          <X>1546</X>
          <Y>322</Y>
          <Delay>3</Delay>
        </MouseMovementEvent>
        <MouseMovementEvent>
          <Type>3</Type>
          <X>1544</X>
          <Y>322</Y>
          <Delay>2</Delay>
        </MouseMovementEvent>
        <MouseMovementEvent>
          <Type>3</Type>
          <X>1544</X>
          <Y>320</Y>
          <Delay>1</Delay>
        </MouseMovementEvent>
        <MouseMovementEvent>
          <Type>3</Type>
          <X>1542</X>
          <Y>320</Y>
          <Delay>2</Delay>
        </MouseMovementEvent>
        <MouseMovementEvent>
          <Type>3</Type>
          <X>1540</X>
          <Y>320</Y>
          <Delay>3</Delay>
        </MouseMovementEvent>
        <MouseMovementEvent>
          <Type>3</Type>
          <X>1538</X>
          <Y>320</Y>
          <Delay>4</Delay>
        </MouseMovementEvent>
        <MouseMovementEvent>
          <Type>3</Type>
          <X>1536</X>
          <Y>318</Y>
          <Delay>4</Delay>
        </MouseMovementEvent>
        <MouseMovementEvent>
          <Type>3</Type>
          <X>1534</X>
          <Y>318</Y>
          <Delay>1</Delay>
        </MouseMovementEvent>
        <MouseMovementEvent>
          <Type>3</Type>
          <X>1532</X>
          <Y>318</Y>
          <Delay>5</Delay>
        </MouseMovementEvent>
        <MouseMovementEvent>
          <Type>3</Type>
          <X>1530</X>
          <Y>318</Y>
          <Delay>4</Delay>
        </MouseMovementEvent>
        <MouseMovementEvent>
          <Type>3</Type>
          <X>1530</X>
          <Y>316</Y>
          <Delay>2</Delay>
        </MouseMovementEvent>
        <MouseMovementEvent>
          <Type>3</Type>
          <X>1528</X>
          <Y>316</Y>
          <Delay>1</Delay>
        </MouseMovementEvent>
        <MouseMovementEvent>
          <Type>3</Type>
          <X>1526</X>
          <Y>316</Y>
          <Delay>5</Delay>
        </MouseMovementEvent>
        <MouseMovementEvent>
          <Type>3</Type>
          <X>1524</X>
          <Y>316</Y>
          <Delay>6</Delay>
        </MouseMovementEvent>
        <MouseMovementEvent>
          <Type>3</Type>
          <X>1524</X>
          <Y>314</Y>
          <Delay>3</Delay>
        </MouseMovementEvent>
        <MouseMovementEvent>
          <Type>3</Type>
          <X>1522</X>
          <Y>314</Y>
          <Delay>1</Delay>
        </MouseMovementEvent>
        <MouseMovementEvent>
          <Type>3</Type>
          <X>1520</X>
          <Y>314</Y>
          <Delay>5</Delay>
        </MouseMovementEvent>
        <MouseMovementEvent>
          <Type>3</Type>
          <X>1518</X>
          <Y>314</Y>
          <Delay>6</Delay>
        </MouseMovementEvent>
        <MouseMovementEvent>
          <Type>3</Type>
          <X>1518</X>
          <Y>312</Y>
          <Delay>3</Delay>
        </MouseMovementEvent>
        <MouseMovementEvent>
          <Type>3</Type>
          <X>1516</X>
          <Y>312</Y>
          <Delay>2</Delay>
        </MouseMovementEvent>
        <MouseMovementEvent>
          <Type>3</Type>
          <X>1514</X>
          <Y>312</Y>
          <Delay>5</Delay>
        </MouseMovementEvent>
        <MouseMovementEvent>
          <Type>3</Type>
          <X>1512</X>
          <Y>312</Y>
          <Delay>15</Delay>
        </MouseMovementEvent>
        <MouseMovementEvent>
          <Type>3</Type>
          <X>1512</X>
          <Y>310</Y>
          <Delay>191</Delay>
        </MouseMovementEvent>
        <MouseMovementEvent>
          <Type>3</Type>
          <X>1514</X>
          <Y>310</Y>
          <Delay>5</Delay>
        </MouseMovementEvent>
        <MouseMovementEvent>
          <Type>3</Type>
          <X>1516</X>
          <Y>310</Y>
          <Delay>14</Delay>
        </MouseMovementEvent>
        <MouseMovementEvent>
          <Type>3</Type>
          <X>1518</X>
          <Y>310</Y>
          <Delay>9</Delay>
        </MouseMovementEvent>
        <MouseMovementEvent>
          <Type>3</Type>
          <X>1520</X>
          <Y>308</Y>
          <Delay>7</Delay>
        </MouseMovementEvent>
        <MouseMovementEvent>
          <Type>3</Type>
          <X>1522</X>
          <Y>308</Y>
          <Delay>8</Delay>
        </MouseMovementEvent>
        <MouseMovementEvent>
          <Type>3</Type>
          <X>1524</X>
          <Y>308</Y>
          <Delay>6</Delay>
        </MouseMovementEvent>
        <MouseMovementEvent>
          <Type>3</Type>
          <X>1526</X>
          <Y>308</Y>
          <Delay>5</Delay>
        </MouseMovementEvent>
        <MouseMovementEvent>
          <Type>3</Type>
          <X>1528</X>
          <Y>308</Y>
          <Delay>5</Delay>
        </MouseMovementEvent>
        <MouseMovementEvent>
          <Type>3</Type>
          <X>1530</X>
          <Y>308</Y>
          <Delay>8</Delay>
        </MouseMovementEvent>
        <MouseMovementEvent>
          <Type>3</Type>
          <X>1532</X>
          <Y>308</Y>
          <Delay>9</Delay>
        </MouseMovementEvent>
        <MouseMovementEvent>
          <Type>3</Type>
          <X>1532</X>
          <Y>306</Y>
          <Delay>84</Delay>
        </MouseMovementEvent>
        <MouseMovementEvent>
          <Type>3</Type>
          <X>1534</X>
          <Y>306</Y>
          <Delay>2</Delay>
        </MouseMovementEvent>
        <MouseMovementEvent>
          <Type>3</Type>
          <X>1536</X>
          <Y>306</Y>
          <Delay>9</Delay>
        </MouseMovementEvent>
        <MouseMovementEvent>
          <Type>3</Type>
          <X>1538</X>
          <Y>306</Y>
          <Delay>7</Delay>
        </MouseMovementEvent>
        <MouseMovementEvent>
          <Type>3</Type>
          <X>1540</X>
          <Y>306</Y>
          <Delay>8</Delay>
        </MouseMovementEvent>
        <MouseMovementEvent>
          <Type>3</Type>
          <X>1542</X>
          <Y>306</Y>
          <Delay>7</Delay>
        </MouseMovementEvent>
        <MouseMovementEvent>
          <Type>3</Type>
          <X>1542</X>
          <Y>304</Y>
          <Delay>4</Delay>
        </MouseMovementEvent>
        <MouseMovementEvent>
          <Type>3</Type>
          <X>1544</X>
          <Y>304</Y>
          <Delay>5</Delay>
        </MouseMovementEvent>
        <MouseMovementEvent>
          <Type>3</Type>
          <X>1546</X>
          <Y>304</Y>
          <Delay>10</Delay>
        </MouseMovementEvent>
        <MouseMovementEvent>
          <Type>3</Type>
          <X>1548</X>
          <Y>304</Y>
          <Delay>14</Delay>
        </MouseMovementEvent>
        <MouseMovementEvent>
          <Type>3</Type>
          <X>1550</X>
          <Y>304</Y>
          <Delay>29</Delay>
        </MouseMovementEvent>
        <MouseMovementEvent>
          <Type>3</Type>
          <X>1550</X>
          <Y>302</Y>
          <Delay>2</Delay>
        </MouseMovementEvent>
      </MouseMovement>
    </MacroEvent>
  </MacroEvents>
</Macro>